{"version":2,"hash":{"type":"Buffer","data":"w3GsNOE+meJympvFAKFFTIiRV9r//4uo1480vrfosY7NNeDpTD+cpNQJC4i+mBUTp6F0E0dvY832GleC/TOdDPs0vN6hd1riRk0NdZKYm7o8vbFmu+IfYe52FB4VpfGOpVmZOddsTszyVKsRbr8xlrW2qVVAyuhv5rPHw3V7ZDM="},"indexValueMap":{"AQzPcuJEHNP0+pXyGqvVxiEK563dRL2M6BWiyY7TBwI=":{"valueMac":{"type":"Buffer","data":"3nSDbOoNGNGckXr5vSq96aJvV4DNrs5gn31Dm9XKEZo="}},"AkRwaT/S3RxC1/jQ8iCASGNmiXAtwo+nakDfDhCotgo=":{"valueMac":{"type":"Buffer","data":"zFM04btUP8H+dBlBQfeLLeko6CbIdWBuvL2rXiIOCD4="}},"BKrfu6dpgbv5RqDFePaD066CansgT/QzWUydISQ/vMA=":{"valueMac":{"type":"Buffer","data":"K2T7ThpFqypSgEzLi0zO2F7MkBxipj44DKsI4U5MuSc="}},"BjTk66DLyn2FcEzY6+LSbA+ap+8Mv6MXlw7xDUvn9vI=":{"valueMac":{"type":"Buffer","data":"4SW+rjVx/vIYqAju7jc6oj02H7gFY10s2tLqJGAclkw="}},"BpAZvTH9O+2ywV32jOlZGQtL06478uT2wbO2hXcZ3NQ=":{"valueMac":{"type":"Buffer","data":"88ZE/KRFeZep9IJIYxPoIoGAyVAn2537cj3H4EY0iek="}},"BwUBmbx1XepvoMUljjFcGmOLuFJfiaVcOhp9YUc1gjg=":{"valueMac":{"type":"Buffer","data":"UqrAejxU02nxbS2sBNIFq4ev0HegouYffFqwnd33av8="}},"Bw4juay/VgnWcQY/citCmpLrfWeFWKh6fSwLQvQSiPc=":{"valueMac":{"type":"Buffer","data":"R9INPjgFQmsg/KZG0fGKaOjaXAzK7G+2D4W7oaS6i1E="}},"CXaTw0uKFUyRq9bD4dz9LgqsCOXtDhGru48DLES5Gy8=":{"valueMac":{"type":"Buffer","data":"EWt0K/cup13rX3RhKGFKgI4aa2OZbSOwU6wiuYYMRZ8="}},"EnkiU2oB5wcJLXDs2HswRPJRyRTDa17UQm+UD1Jof1k=":{"valueMac":{"type":"Buffer","data":"wDK3OlOIND5V61RhRzyrpocWLX6qyJ8/iSQZjPJp+Mg="}},"Fgo3OtuH2hsTHb5utCN21W53Ekz5tnR1xOGK4SyTUCg=":{"valueMac":{"type":"Buffer","data":"kygQWqUq9PXqX9zO+LhC5HIso9F1tcnxGE2NC7L/t7U="}},"FpnXEPaCOpRwKe24dlXH7IMJTsaoqKsbLLIR4aDc4rE=":{"valueMac":{"type":"Buffer","data":"7rYwuEIRBH9aYVaGH9OM/488OvOJ71RgzNJ6uTnwsBE="}},"GT/Ax3ujg2D+5DV/+sKlb4XeTfaXAuRirXTgb1Jisrk=":{"valueMac":{"type":"Buffer","data":"x8w4leIFztreHoUl5u6ESsD8y/LG3yD+qBCH39+ILeE="}},"Gf5hm4ZHZnGZbhBRo67bepsUCuZee7W59KUz+0dKgkY=":{"valueMac":{"type":"Buffer","data":"ZYwVjVMIFBH8iohe82Hh6EvnHbuzjQ02oiQwfH4LDiM="}},"GoO/xRMFhXUcAyWRGrldDBW3533Rm9OyrpvylodH7Pk=":{"valueMac":{"type":"Buffer","data":"wWdJmM1suLlhKSU2/MuHC8qo103Hhvu9aaaEp1cffmM="}},"INRssBkrsFKoQhTXtXIw2lgIqZmOhQRf/rI0aaVKCxc=":{"valueMac":{"type":"Buffer","data":"Myn7wHQr9nCLXfJ99pUmZZy6ctfJqLzLi18rXXus6o8="}},"IifNFq7prH5S16kios4vLq2oQiJ2jWOJN9vwxUf/I1o=":{"valueMac":{"type":"Buffer","data":"2O9U1bnrhkaig3LsZ6rJ78kJ48ve7miLx3IM5yC5kZg="}},"IxirElztp88jM6BViqFtbxHPZkISsHkeETuA7UmFCJM=":{"valueMac":{"type":"Buffer","data":"hWmKbwOBDmqN2GpgzffISCUVc12Yc9W1HhqrKav5hUQ="}},"JeWYLidwPx84Cq8QjdBGR5FkFinusNWUE1eSpDzX6b4=":{"valueMac":{"type":"Buffer","data":"jkx+N+DroFGxu0FBDRQrt2mAWhTEekSFaBMFvFn8zDg="}},"KhW7ZbdmnMXwMPTtfMBQcj12uzBqzXEQ3c4QicGcrus=":{"valueMac":{"type":"Buffer","data":"Xm+p4WqYf+UIs1KzRbVgGdPe4+55vS9in3pA5z/OWr4="}},"L/9Sc66TRV6J/rGAK18fxejq+W2tzZRt3WhD3Fe8iQI=":{"valueMac":{"type":"Buffer","data":"HEIlsa87v9/GKO8T3jd/mlEq1j984PEHuulElWiKijk="}},"MC0Wbrj4+EpAO4rTHw+KfCEJasj6khiToOkfIIsc9r4=":{"valueMac":{"type":"Buffer","data":"mTb1XJvxFrsNoJKcshvBs31DaFsQWC+9zPgCLmBrcYU="}},"MKfdm2QydB7DyAWABBYHK18e9/LX3RXeXJGoZM7krTw=":{"valueMac":{"type":"Buffer","data":"MH5LvpzMCRXTi9p+zK3YeILfoceWtN3FUmblnL7qUrI="}},"OcFRpatvWfwfTqgjvy9dTbDT2zBxVDS2X9+KlfaSOIc=":{"valueMac":{"type":"Buffer","data":"iGz7iWZctvRVQfEg5QFLLkY8llyPXO2PvmFmpDKdGDQ="}},"OrEtzUaw0N4M5f0ISy5Mn5TfZYgyQLP+T5e8Dzlt/xI=":{"valueMac":{"type":"Buffer","data":"IO+zBqGizHKJYV0wNc2JbowpgZmJ1+Zz+62ySXPUr9k="}},"OuIFpT9Oyqekz8xh93yaU8TD6ZfyO0QZotlEyHfBdaI=":{"valueMac":{"type":"Buffer","data":"pd+SEueYCs3yP5mfcD/Zq0FmqY+4G/RznGFEilchaJY="}},"PyWmM8e/L/s3fUXEfR8CChvbltxafXyGwrlvK1Ngneg=":{"valueMac":{"type":"Buffer","data":"tNb9oK7X+aKvHpfHPN0NUVeeZ317a7iG3Is0jkJ6XAY="}},"QUSatZ87Q5zuxiF6u66efzJH8+jBJ2WQ8zkIT94aUeQ=":{"valueMac":{"type":"Buffer","data":"WatCnugqu2azXdXRQRHJH2ZCjGIlnRUY9eNT2jyRpYg="}},"QoFuO6bS3n2PycPC20rJzveIKv76Xi/Pg+xtB3irpB4=":{"valueMac":{"type":"Buffer","data":"mVcQV2bJFVYCmpzeWJZfwKuVxM/09eOZ+Cni/ZZ5bJc="}},"Qpf1p66XmcTblFR3iMSLzyFZqcA7frdpybr9sgdIVl4=":{"valueMac":{"type":"Buffer","data":"FSMnaE8sZ2mMUZhqBLzGKicA0rJVPs6iH8OIhGTPPys="}},"Q3SGMCENf5uZFW/+NR4Vifb4RovsB4Bh7+arkTY/w5g=":{"valueMac":{"type":"Buffer","data":"ugsEENikZoTUHjj1R8PgZfDARFxLZMM/KRvPRkSzOkg="}},"SvtitxepU4N7VkLxPNpioY/7lribeusWGEpPJPVje8Y=":{"valueMac":{"type":"Buffer","data":"H9SzcEPZX/HMqGV6bGyhmX5Y0XBhI7ycunDyth2Idg4="}},"UR+w6YjF354oBA/Lx35MDWJgTvOGPjL8POBrc27C2jE=":{"valueMac":{"type":"Buffer","data":"/HfPclqLwLZlCnoo3RDU1fgXNmpRtIeKeitEyQTIfNE="}},"UaweopgANghdHSONqXNtoUL0WRTDjcVXkxtKt4sm3p4=":{"valueMac":{"type":"Buffer","data":"kAapc0JX4aPwBRglkdsJkmzBD3ZvxjS1zbsMCk1fJbo="}},"V5mNw8+PGYl/vaTOGd+rfJmXkjclPQH+zprQdn2bjTY=":{"valueMac":{"type":"Buffer","data":"lJPZInveMEIhe1xZxknd7JRyuq7d/ScpfrnP9EGVwH4="}},"XUh7waANKn+HQtcPXMtuJaNd1jZUikBcBzmAVRyHG9c=":{"valueMac":{"type":"Buffer","data":"Cr9HYJrwb43AepPN1bms3/sIviqWF+VoneLmrgWaWCM="}},"YhvWTbrZJMxl0KmxYuH5p0z8uySla6r45CFXE20MaOU=":{"valueMac":{"type":"Buffer","data":"WXGCjPa6t45n/g/g/22haj+Kbn4x1ErSzmmofl5RiT0="}},"YkYGj4R9WIn+zT5yIde2UVpY/IKjp9Z6t8t1l3qSh04=":{"valueMac":{"type":"Buffer","data":"p3qijFKx2NkTj7N1xp/nwV/t9zjaAJaVTt/vcoDChL8="}},"YnG3NTtMADmuR8cza0knlpVAVVm233Mdfmm7e4Fcv2s=":{"valueMac":{"type":"Buffer","data":"X7Ccjmdevvja1RPt3ddahP+uvY9bhBgfIRqmgj7mFH8="}},"ZfqYHrEO0g/7ndxf0u4uJPJ3lauPbrJvHvIYWbEmqnY=":{"valueMac":{"type":"Buffer","data":"sbR+/T6LyEqflDbcUpCkoJoBUlOAGctrIULrOMJNIpI="}},"Zh4XTIEcabCCkl2IXMrMclehexFiNlVKjXFMdkjTzTo=":{"valueMac":{"type":"Buffer","data":"83cYnVbCmHM/RKS1avgg7glzeQVJVwx+Do31C17chTI="}},"ZsYwJWnihpp0uFpAb+TXEblwIuS5/Gcjp6AxHAzBrqI=":{"valueMac":{"type":"Buffer","data":"FI5M8hXRoh3I+R+hkJoW3MhDCxRhq/ngj9x9+sgG1VA="}},"aCWx9yy3XbT/KjU66dCbJx1yxd+FG1prHIbLWrkQcCQ=":{"valueMac":{"type":"Buffer","data":"Y1eg0/MOiQ0pFS0kjtw/XfVc1IKBKwY9lLLGA4154Vc="}},"a61rWsYbojmtEcCdt4MEXl9oSK6avgq8xArzLs/6vMs=":{"valueMac":{"type":"Buffer","data":"r1IAw8OBSfb9sJ69OPjzCOzhLHrq0hqh8Q5f7hR2HS0="}},"bp9tZC8mv8gMiapWll+PuXELUw8izTmMsmO4WVXroH0=":{"valueMac":{"type":"Buffer","data":"sEdnCM/P+j1U5t58U4QM8Y1P2udR1pEzjYHcB8YiEEo="}},"by15Eo/BoLgsdex0sNQxMo0B/uAXB7hri2yFO5jfYWk=":{"valueMac":{"type":"Buffer","data":"WNBq5eEOp3RluX2H45GoXCMwl5E+OEj4XynchVjZc2c="}},"cEoiQ7qqZ6DrpjkxhnfpjNg9/1T9lyCa36ZkxDz5KkY=":{"valueMac":{"type":"Buffer","data":"Xo5Y0EeLHT4e7dZY3HDCLvho2/gCGsra5zFJYVXCSVs="}},"dMVB0oub+sV/qAG9RjG9AcwlhXPZysKKqRPo8PEVdIo=":{"valueMac":{"type":"Buffer","data":"wVMVGNUHCheHn//bkyD3vdpri0WD8SjJ0GagBVkvd/w="}},"dYD/rAok1fZ66JyeFUCyf0aqQWKmcC3flWPKovtViqM=":{"valueMac":{"type":"Buffer","data":"X7HFSRLWMLXoH7OKUh31659NLvHsv+JJQqIYgR/EuzE="}},"dn/7xI9s7RvS+bpqMBfx1EMQKr0qABCo5K2qtDu/15o=":{"valueMac":{"type":"Buffer","data":"gqmoiCWUql+JJzmuRZIhHVw4JLh3XbRaCZ+kV5XWWco="}},"eKmLMSmibTlEViwZkwvjNzTAcpT2rTb0EUhYxP2wQg4=":{"valueMac":{"type":"Buffer","data":"A4c2XwOew1qOE0s3YZvLtgezY4HPjSRs1KO98xc+qEY="}},"eN9t4jsxDDNSibgRssNZC437yPGVosm3roXr44VB4x4=":{"valueMac":{"type":"Buffer","data":"NuM2LpwaNu7XMbs+i1dCRYSsFq49VnG1DEXBVIWJrf8="}},"evymnhduz4MzD22q3ipAZY8xcpclO3r740jdDHJ3chQ=":{"valueMac":{"type":"Buffer","data":"wvQhmo/CE45ITLXgOCY2sSZd76STKHCCd9onkqPbENY="}},"e+22hhlueF6D+cuQE30BGp7d7J+7dAoT2CGgfShMQOg=":{"valueMac":{"type":"Buffer","data":"bEUvsKQKGUG9ntUWUNITx37v0GQm3RhyFHPjiKTDhzE="}},"fS62bAcKVLyt6f+jCA1JLMbFUts+7jfzTpWLJJhfYIM=":{"valueMac":{"type":"Buffer","data":"nam1sgbK3YtNhVG3Wq0N1gSknzETaw6cETAq65XjWxg="}},"fcPPfgwqdFV/EoxmEnloaQ7oE3KQfjMBywteyz8OdoE=":{"valueMac":{"type":"Buffer","data":"9+pLbamsG4HJpKTH5/RXIzVtXQKZZ0rznRO0j/igraw="}},"gcjgl8xM5YBxHycEzd8bja7KXeTgR+tWQrL+rZcaJKs=":{"valueMac":{"type":"Buffer","data":"4x0cKkRMgqC/myJrJSXZXSwAI+yhoWU0czy9D1pQ16Q="}},"glezNYJcmvVT8KIjy130EY6Ff86+OXm37LQ1UiYqecA=":{"valueMac":{"type":"Buffer","data":"Uo0NkPtd1uPDceH1h/5pgtA0JfFGR1++cn9pD3EUHjQ="}},"hxImF2ALRlxTnY2SXIRI2LRaMAY4zodHRC8oAHr8eRA=":{"valueMac":{"type":"Buffer","data":"xPuAyudLkYeTiAvQkqaGm+NSVtd+65OKzgUwqh2W5WI="}},"h0RPsmYiGVsKCv0vCmXejuEaXqMoQ8Vy3ubWlzZHAns=":{"valueMac":{"type":"Buffer","data":"tZgqSw3f5nrMH1vAIvOqFSnUGHWC/FPy29JyMmncpQw="}},"iAY+c98SjXddI9tMf1ibIwTHbuZOaPz3ZERRzlvno7E=":{"valueMac":{"type":"Buffer","data":"+/nVpIzan3CNAdocGskxXbcWluOhG9CeDVBurl/+rpc="}},"kTqFCeoxD8JCY0qw+9S/WMzDLeQQjaQVt1b0qWEIbS0=":{"valueMac":{"type":"Buffer","data":"tA1dsUN6SRkgScAhoKxiFqYTS3gnHLu9CKen+pZWvNg="}},"lVdj4DKbo2bb1Xxjher7NdTgUMt0eGH8awUmbRiYPw4=":{"valueMac":{"type":"Buffer","data":"7Gmi5JLDnI0OFQLEODZEC3KFNvcJ2O6G9sq9glecE3k="}},"nBuuQBk/h2PwamG1NlYeEonVL+8mm+05Gxd+HHWk0F4=":{"valueMac":{"type":"Buffer","data":"Hb4XIQ5B19CavF3C0l7jHA/Uc1ZfWDapTKoA13bXTTk="}},"nKvmj+hppOVrQo2x8eOZiaDMtQQB3JTZR5rln7fikig=":{"valueMac":{"type":"Buffer","data":"adplQRUo4+2syeLUkMETgajUHLJAEKfZ7ZCT2SyNo0A="}},"n5rhORlmTLkf8PadtKnCQX6zOTSVykCsFypof/t5nQY=":{"valueMac":{"type":"Buffer","data":"o2S29qS9042nevQadZVC4FYuFufwRi9VCe7mYjbUnYI="}},"oNUD1g5GSuMFFUZq399qbfHOpqQbwbidG6fzgAs3M7A=":{"valueMac":{"type":"Buffer","data":"cNEk448IK3RiFX6ojpoxx8yg55nxFLet0pwTpwjTx8c="}},"oXce6+bdl5G/t2/scYteVyt8Hepdi9A37hVx9i+Ty9c=":{"valueMac":{"type":"Buffer","data":"gQHfNa50NgjboYDXKodjk9bcg9OsX/6Rv2HxoGnzZ14="}},"pIRuutGc+PqOym1ZYFknnjfutZ42ciAMIkhpU2o0OzU=":{"valueMac":{"type":"Buffer","data":"O/cL8225ZSxKAu5es5NqG70jQr7ZPmM7nS5qu+d4D6M="}},"qrFrnp4Y2Ed20zI110NAfHwesn9u+3gnVpY/FvDMvD0=":{"valueMac":{"type":"Buffer","data":"zDzjstzIDDilh03u8eLVeJyVSsQqvHyGuCb7PBDKoj0="}},"qsTBFovAxDaPzpMHiLw16oAyQNkh0+doWGBtS9E7P1I=":{"valueMac":{"type":"Buffer","data":"shC1yb8lGl1HY9UcYdzHHH7+4h1M7hWUra4a773FhlI="}},"rT0I+3oeLpqNH40WKgKH/GEqipo4YJJTJ0nudj/GFSg=":{"valueMac":{"type":"Buffer","data":"5MqoyJ1nyghRT2oh9eWqGjScLfoaBQPvz2K06INBy/g="}},"r4+66NWfCaXK7QyP1vM5GbzFu4i2yRe+8HM+zUhYjDs=":{"valueMac":{"type":"Buffer","data":"AOKIzOUQe5YZOucIt44EyWTeN9BcAmUSW/aS/KBgF5w="}},"sBjLnITNPQHGmOvG7BEEt1ovZuPXcu10KplOPm2S6RQ=":{"valueMac":{"type":"Buffer","data":"gR88Lje/lPRTjhc2XhotDKx4YJ/TYJgKrxTn/IjDBZE="}},"sCtwYLTIu7KjehJwaLhqe8KKuUq/+oY/J/Q7APNrkBI=":{"valueMac":{"type":"Buffer","data":"oFD1R0fcRKwnNMHeVV0w9iQ22hlgDKH6Paf0JkGTK8k="}},"sDWL4vJzE4LX3hqZy9+kmyxtBcQMxCM86daJRhzUavw=":{"valueMac":{"type":"Buffer","data":"GXoU1/WnJ2hpK4e/ABdkJmZi8mqOZSso+tGYqT0/umQ="}},"swpo3U4r5x6JROw1IyTupTQ1Xp/lac9KtJDYY5Ms56s=":{"valueMac":{"type":"Buffer","data":"RBz92zC+mjjyVktclqipIhXto1QmQfj2ygG1WM0bT9A="}},"tP+ILdA1ZOWm5nqqPUKJt8V7Uuh709i9pRjxS4qtFAo=":{"valueMac":{"type":"Buffer","data":"zRqEKFpdTderDlPilWziAs7t7yejugezmSI5SfekzUc="}},"thCPYyYGbnjcGRIQhFW27K5A6V3MTBA9cnrCzygjoMA=":{"valueMac":{"type":"Buffer","data":"rUb7IAwUYqufli1d9aAW6lgqDmqmwAli5oEGKkLfrPA="}},"u2Uf6dV7/N+2BKIQhSYdUz/1czolpzhXuf0BHVAUPg4=":{"valueMac":{"type":"Buffer","data":"pdYfXfcZcEviaezsb2LFtsm2ZCWWyh0Ww1WxiyXMQ8s="}},"vTO6UDpkckU88sUlFzUaY95bVga8/JmjtYjKGgNsNHs=":{"valueMac":{"type":"Buffer","data":"vbxbYgNVyNVh350k4pU2TS5Croezk74h+KZerqKLVxE="}},"v51hEC+MHMX4/J6ATSNUD4IdeCdaiHMITAvpt6erJvY=":{"valueMac":{"type":"Buffer","data":"YYk28A75uEhWeR4FHpTMmy+ER0BdP9DeetD6KD1ASAk="}},"wMrrJ/HufV1vtazKYPaIHKx87JX4uZvc80NUedE3L20=":{"valueMac":{"type":"Buffer","data":"0OX2kbeunqc9b9RlmodRaBJ2D1Dy4jg0M/Bi5N6JbMM="}},"wT7NvMReCmsuj9jUgrjniB0580ChFLP17phGVwoC4ak=":{"valueMac":{"type":"Buffer","data":"vxM8l9h/xG2uiKpaT8j3IuesetzO7y0oLe8BlJZN/Ys="}},"zmR0hYH0gEIURH7w/zLgt4+vT/CGavYBV6CQCCzWEvQ=":{"valueMac":{"type":"Buffer","data":"WWfBJJsGL9dr0eThtmmquZ4qu/X0ELcqH6QaBPAFtHY="}},"1cU3DT761nskvjPSNn3okj0VAO/OLy3MgizFmjDN07o=":{"valueMac":{"type":"Buffer","data":"h6+dPfeaecy8JbPA2W4r2q+9/s+1AaeqS9FMSMbCIEI="}},"1iJ6LMDoc+wHG128fK6vVrfwFWKJtxbKScT5w5eaI1s=":{"valueMac":{"type":"Buffer","data":"Otz1V2FX/KwvTNMhg/ZVM8YFyvwY0VOOtUHNG0Yqx8s="}},"2QTJ3zn4k+CsM+/quBpckGDs/q133tc8SV5GmJhoYOk=":{"valueMac":{"type":"Buffer","data":"DdIbW/h6IXg8wxxaS0L/VThG6ls5y86xrKu9YozLUPo="}},"2Ts453U0d7Zl9YnJT4GsKbJJv1OQoqJM9OUjHkNTjSU=":{"valueMac":{"type":"Buffer","data":"azL9xSkWzh3hLwO99Nw/G1lRicMN1gLPKB/zUeon1sg="}},"4oxmJprF8/xLzjwL0pO/UfeDDHd24OwxPmld3MRl4pc=":{"valueMac":{"type":"Buffer","data":"TH/i2kEa8OYafq9ufz6dD+ln+/N+aaIDa/TQNVYv68g="}},"4zQIXEC9YnG89pP6N7Dt8ypGpbHPs55zxWP7VCXXNaA=":{"valueMac":{"type":"Buffer","data":"k7aEIWUoAyXxGVcGBaGyHV0yJfsLlADPVdWt9ADpaHE="}},"5BGt1ywlQ+p8PIII4AhSSKm2niQD8s/tcrSzMtmOOXw=":{"valueMac":{"type":"Buffer","data":"mtTxdfOdfdKl/aORjEws5351pkCsRetHdAfcwV7nxIo="}},"5G3fe6BPOKcY8nZPN0fAaTHIRLdPbYujh99YYugskv4=":{"valueMac":{"type":"Buffer","data":"GbK/F0wAz7PWaZsvpC7jhjijhhh6OKEkhEI0+/xI1os="}},"56hVfxiuEACBJ2m2QXhVhada1/p5i7l43/cKSjnGCOw=":{"valueMac":{"type":"Buffer","data":"mb3Xp3SAS9eINiv9Hgb+45SlgJpARzSu9mDcvJm2oiQ="}},"6BIO2JFzouLbNiIIO+vKLQYSAYwjwU96cn+tUDQJggQ=":{"valueMac":{"type":"Buffer","data":"IRVJ2d49As5Xm8/mZ0Tb37pdx/HpNw6OE5Hli6c0gIA="}},"6JflYa6scF2Xxv31gacT3VFHbGgTIQNmZJq00n3oM0Y=":{"valueMac":{"type":"Buffer","data":"nHR3qnPzQ//tiW/F4EQcibJduXokiMlur2TEQlnSKtc="}},"6Xi1K+DlYi3axP5omj2EI2dczN2S637l1PXycdlUjOs=":{"valueMac":{"type":"Buffer","data":"dPTqGV1ahYx0jzWw/clSG7sZN22EcvnkXP4TCv81754="}},"7m9eINMlZN4/Mpp6s2gX4QJgmqZzEF42KA2SJvzV5dI=":{"valueMac":{"type":"Buffer","data":"T5iy3LeTd4TNqcD+A4nOus5pUGo3/WE9afWUDHhJkSM="}},"7npNPSmR0FeutHOMIVV46OFRxYrjH+Wz9MFDNywWa7Y=":{"valueMac":{"type":"Buffer","data":"9u/hGt3NnMChZXvyJoQ+ULAEyWCbWE9sAQB90XU2Hmc="}},"8eJvBYPgId4DopDiXFNil7o29wJHDMT5DJPpqDFojyQ=":{"valueMac":{"type":"Buffer","data":"JRlvlgFdBy7o9INtv6AcXizYAgk7/+IVVHPmuAVeexU="}},"9qB/YUnOAfTQzi7bf3+kd5Dk2TUJKt7Au5FfkVCDFAM=":{"valueMac":{"type":"Buffer","data":"wFm8C4DsS8+a4WY+SlKF1LkMQvSAFr1ksYqDTxCo96M="}},"95GQvjawmuwM55EmgGGwBZuqN4lKgoHTvhlAaKvbxjc=":{"valueMac":{"type":"Buffer","data":"1Ze1SHP/GI+iTG91PqtFqKT8TP8lHJeXlvKFDB2oEjA="}},"/606OmeIjBv3HYIHp0RO80+UyRFIah6e/90fJGO6FTU=":{"valueMac":{"type":"Buffer","data":"uD46sT81CqMVamRpLoN6nAsjj9QkHOAUtzRP1XL78II="}}}}