{"noiseKey":{"private":{"type":"Buffer","data":"UNFC0MyP7L5sulyi07vWOv8RwyGwihqb7L+8QSogL0I="},"public":{"type":"Buffer","data":"HZUdV7MO/KGmTQ7VcWpAEQlg3Zr6uYUwmroz93FmVyo="}},"pairingEphemeralKeyPair":{"private":{"type":"Buffer","data":"IFaHUW1nIYmx6A1msNX79VepgpwB+2VjvziG/V7X5H4="},"public":{"type":"Buffer","data":"ce9nSNTtTAJZyllyaS8vsqhXKxwU3oRSMLY/OCE8dmA="}},"signedIdentityKey":{"private":{"type":"Buffer","data":"cHxCY7Pmcb84of6QhffJzH+ZUCzi2xOhkgGmRt5xtm0="},"public":{"type":"Buffer","data":"Yi0IblG+ZxFmjzRy8rKMTkrLWgVJwl5rDWud23jDU0U="}},"signedPreKey":{"keyPair":{"private":{"type":"Buffer","data":"WN8YqEwO7PbCbUfdiHrwrtU+8MhXntvmwoCk4Ur09XM="},"public":{"type":"Buffer","data":"Z8Ecavi2Ll0750doa8SRLGeL2b9qh/kvPHipNXlwpQ0="}},"signature":{"type":"Buffer","data":"zbpiNehP00MdaD1Pz74UNCebRdHs+eO1VUy+vKkX7mbm5mcoUv+e0ZwyJQe1vIM57yAdXcI7+PH1PjZFHcZljw=="},"keyId":1},"registrationId":22,"advSecretKey":"Enu87cGtfWrsdQ0Q2xe8PbsE5S+yl50qzkr/8ozHm/Y=","processedHistoryMessages":[{"key":{"remoteJid":"6285707101183@s.whatsapp.net","fromMe":true,"id":"0BE87BBD795E156EEA9E7FD88C5F33CD"},"messageTimestamp":1689689659},{"key":{"remoteJid":"6285707101183@s.whatsapp.net","fromMe":true,"id":"65F1440E3CEFB85CD7204F3D54DD263A"},"messageTimestamp":1689689659},{"key":{"remoteJid":"6285707101183@s.whatsapp.net","fromMe":true,"id":"7F5EC855E9758C17FBCF928A4FDE1C7A"},"messageTimestamp":1689689662},{"key":{"remoteJid":"6285707101183@s.whatsapp.net","fromMe":true,"id":"DC8715932AF098763686640ACEBC21D3"},"messageTimestamp":1689689663}],"nextPreKeyId":62,"firstUnuploadedPreKeyId":62,"accountSyncCounter":1,"accountSettings":{"unarchiveChats":false},"deviceId":"vX-IgEiqQhKVHx9YaeCFig","phoneId":"2ded7c71-b1be-444c-978b-becbd3e6cd8a","identityId":{"type":"Buffer","data":"FxT8GczfY4jHYG+Uq5BnABC+VEc="},"registered":false,"backupToken":{"type":"Buffer","data":"jqs3p96k+x4oxVRWoHY7vmolYf4="},"registration":{},"account":{"details":"COTCpokHELa82qUGGAE=","accountSignatureKey":"SeNPWSRvkv5LH2D85hD6filn3qoPMoi11zBg/bOY4zA=","accountSignature":"haCOZMavDFXSfa6E+IzmoLsqJKh8Tl//6hsfgQHvj55kBFiRKzHK2d87yHXOdTc3KU8NsJS5EiIjKdi0BG7mAQ==","deviceSignature":"bndvWm8A/fU0iWSo03IAyeASG3yxYfLgvQPSpOce13KTrpTf/ca7a0IfWQYMDVEiisaPKMQTLHw0lycaXXprjg=="},"me":{"id":"6285707101183:3@s.whatsapp.net","name":"Damz AI BOT"},"signalIdentities":[{"identifier":{"name":"6285707101183:3@s.whatsapp.net","deviceId":0},"identifierKey":{"type":"Buffer","data":"BUnjT1kkb5L+Sx9g/OYQ+n4pZ96qDzKItdcwYP2zmOMw"}}],"platform":"android","lastAccountSyncTimestamp":1689689976,"myAppStateKeyId":"AAAAAIur"}