[{"senderKeyId":881444381,"senderChainKey":{"iteration":9,"seed":"V/dA7ODjPIDyD9pGexCjnBBrnnJzeIGvnNJlacr2uac="},"senderSigningKey":{"public":"Bf2mieCg2QSMcqYD6PHtRFtERFtkGQW/oXV3fEFsoJB/"},"senderMessageKeys":[]},{"senderKeyId":1708023518,"senderChainKey":{"iteration":5,"seed":"InoSW8IkbOmk6jfANl5cokVntEgCX+j4N+pcBz2ETAM="},"senderSigningKey":{"public":"BSZkEQjwSec/H/nIE3N0jjC+joY5JNAyLqZw0vKYznIM"},"senderMessageKeys":[]},{"senderKeyId":311401314,"senderChainKey":{"iteration":1,"seed":"EXNCht2m8DHeLOWGiRMcpfkuAQayX9jpWDhuKAxbDHo="},"senderSigningKey":{"public":"Bfa4saSiVAGDM0vp5/oBy8A81D3b5b6p5sB0K+y99+df"},"senderMessageKeys":[]}]