[{"senderKeyId":1277707631,"senderChainKey":{"iteration":7,"seed":"U1+JWe/50eUtYCaa4L3pQj2xyoFy6oT1HwT2DSeHoM0="},"senderSigningKey":{"public":"BZyGLuhyyx2yPoWkhvX4vTLV2D1bQbnddBBLga9HuutK"},"senderMessageKeys":[]},{"senderKeyId":849438936,"senderChainKey":{"iteration":1,"seed":"u4zy+fsvZYfZCFSc//c5A4t2mfWmdR/6uDOynV1DaFg="},"senderSigningKey":{"public":"BSeozip6zdA9ryb3wK1RYsRRDkFweAczEiPGDrWKjRck"},"senderMessageKeys":[]},{"senderKeyId":1803551947,"senderChainKey":{"iteration":4,"seed":"ZxTRZ5euwRwgbdCmHVtzfBaHWk2NP0rJQeD9AA2fzmE="},"senderSigningKey":{"public":"BUc7+/lXaXn0vugudqvqpQENRmZLfKLpjBUG3kjPTQhc"},"senderMessageKeys":[]}]