{"_sessions":{"BUs60WIlF2gZESdxqVMXiwvahmnsj2Tva9meE4OSW4Ic":{"registrationId":2023896205,"currentRatchet":{"ephemeralKeyPair":{"pubKey":"BQRIvcekq0B4LvRHWUQ/SveLFAcmOmMi5QItPOpUENRh","privKey":"oF4wFnsWKEJ/+1tv4CZlCrf/Fu0LYPDRfuVb0yvfI3A="},"lastRemoteEphemeralKey":"BQwgO1cPXMsH5njwh4XMV+wkAIZ7o58v40lktpiN6u8c","previousCounter":0,"rootKey":"N/xFVTEkf+Z78KdCPEYKZKmRuUhii6B44Kkz0IMjdTw="},"indexInfo":{"baseKey":"BUs60WIlF2gZESdxqVMXiwvahmnsj2Tva9meE4OSW4Ic","baseKeyType":2,"closed":-1,"used":1689725810729,"created":1689725810729,"remoteIdentityKey":"BauZ1SyFar8/euTWIhDmQ9NbnIe4REuDBwU6jDdzwiRa"},"_chains":{"BQwgO1cPXMsH5njwh4XMV+wkAIZ7o58v40lktpiN6u8c":{"chainKey":{"counter":1,"key":"F+jYfv9FGBCwnQwxTodbbFEVALxgz/Kcx8+NwSCGue4="},"chainType":2,"messageKeys":{}},"BQRIvcekq0B4LvRHWUQ/SveLFAcmOmMi5QItPOpUENRh":{"chainKey":{"counter":-1,"key":"Z65PR+WGtCmF2ci9K7K6VMF+Ek3eC3rRWu7hbTqdlRI="},"chainType":1,"messageKeys":{}}}}},"version":"v1"}