{"_sessions":{"BRBppCLatYH14P+FJwl7YmLjlHfGgvQUunyLa7/jAYkN":{"registrationId":488553571,"currentRatchet":{"ephemeralKeyPair":{"pubKey":"BV4K8Zi0XN/YMd1II+49ijF9YMFXBYO4tZ2ct9M+25Nj","privKey":"2GVxHzKNhi8M6g2Kupf3NRc3DIEkXwk03cm0UnthPl0="},"lastRemoteEphemeralKey":"BbC5gYJgtjrfSBG+FhEUIw8jZpPkwV0Jyu0hlxzk73ky","previousCounter":0,"rootKey":"9es/RcVuIhlUBivNsYGjS2/PcZRzIRZ7z5eU34pdFEE="},"indexInfo":{"baseKey":"BRBppCLatYH14P+FJwl7YmLjlHfGgvQUunyLa7/jAYkN","baseKeyType":2,"closed":-1,"used":1689725809629,"created":1689725809629,"remoteIdentityKey":"Ba/9KX/Hbq4JMGuCwex1JFSmkay75/3Mm0+ewH1EhGNz"},"_chains":{"BbC5gYJgtjrfSBG+FhEUIw8jZpPkwV0Jyu0hlxzk73ky":{"chainKey":{"counter":0,"key":"5DAny2EAB8SPfpUV2dowY2YzW2pjuqMuJwGFUKOE9kU="},"chainType":2,"messageKeys":{}},"BV4K8Zi0XN/YMd1II+49ijF9YMFXBYO4tZ2ct9M+25Nj":{"chainKey":{"counter":-1,"key":"19cboCCxfRSmDTAbQZsyvEWG2oJ2P6Xql4CvcY15QtQ="},"chainType":1,"messageKeys":{}}}}},"version":"v1"}