{"_sessions":{"BQsRi1ASaM8J3n4vQf5JHFt+UveAG6ah/U8tFCvHkUph":{"registrationId":1086081868,"currentRatchet":{"ephemeralKeyPair":{"pubKey":"BR9ZfmIdncwnJAzlCQe8Su6xcO0WblCZhDiBqc5lrGEC","privKey":"kM090IqpoHtJ+/OSXULv0Un9TVmJm27Yt+vXvjQ7+0M="},"lastRemoteEphemeralKey":"BRjUdYqCgMJpQQxWVqxyR7/BpghDgJvIM3fiEWQrBYcI","previousCounter":0,"rootKey":"eSVVoP9ecXFNxrtIH+AIczThOnwKfk3c9uV8pZ6oLZ4="},"indexInfo":{"baseKey":"BQsRi1ASaM8J3n4vQf5JHFt+UveAG6ah/U8tFCvHkUph","baseKeyType":2,"closed":-1,"used":1689689954493,"created":1689689954493,"remoteIdentityKey":"BfWfdr8UKIk2BF8LcmMzW1KlWfvrL72X32Ela9+r8qwi"},"_chains":{"BRjUdYqCgMJpQQxWVqxyR7/BpghDgJvIM3fiEWQrBYcI":{"chainKey":{"counter":0,"key":"ypjvY9kkUv+bLQb9MrNAX3TSpBewqMb8UT+8wusEN3s="},"chainType":2,"messageKeys":{}},"BR9ZfmIdncwnJAzlCQe8Su6xcO0WblCZhDiBqc5lrGEC":{"chainKey":{"counter":-1,"key":"rUtxHw+YWjmDQWpgmabTtgm47cYD1XdpABHB1c+VMCo="},"chainType":1,"messageKeys":{}}}}},"version":"v1"}