{"_sessions":{"Bcjkrm3QFMgXDAgBbCubAmSl6i8WcPQtGuSjR3v2R8Ev":{"registrationId":766603971,"currentRatchet":{"ephemeralKeyPair":{"pubKey":"BbGPchUH5mlT0lY4U/IcUcUhexeh/Z8p0LLYkanPeHcI","privKey":"CGYefbCrFepxc2lpsZlsxfl96vOl+n1Z7IA2jKSdmnM="},"lastRemoteEphemeralKey":"BbUqkTg6Va8ppbfjqJX3Miuhl2mfafWLdxKOPyes9Jt0","previousCounter":0,"rootKey":"pRBDuAvCzPAwg/XMnj9gjMOB2fm5ngWTYIF1wxzfvq8="},"indexInfo":{"baseKey":"Bcjkrm3QFMgXDAgBbCubAmSl6i8WcPQtGuSjR3v2R8Ev","baseKeyType":2,"closed":1689689661506,"used":1689689659616,"created":1689689659616,"remoteIdentityKey":"BUnjT1kkb5L+Sx9g/OYQ+n4pZ96qDzKItdcwYP2zmOMw"},"_chains":{"BbUqkTg6Va8ppbfjqJX3Miuhl2mfafWLdxKOPyes9Jt0":{"chainKey":{"counter":5,"key":"yS2gi4l65yQTfx809NLUYs1C8bdaLvu63ve6eOCler4="},"chainType":2,"messageKeys":{}},"BbGPchUH5mlT0lY4U/IcUcUhexeh/Z8p0LLYkanPeHcI":{"chainKey":{"counter":-1,"key":"k5mklNMF5XZk5WylZWWji7XMyWWDlizfINllGGsATCg="},"chainType":1,"messageKeys":{}}}},"BZHS/Y/6A/8Rjx5hHk2Mt7lEn9QoPipVou3tTVYOEiJv":{"registrationId":766603971,"currentRatchet":{"ephemeralKeyPair":{"pubKey":"BXTc1LlCr/rEHvUuH2/Z0gKJKJsiW00wNaapTkKnFg9z","privKey":"wDgavjRMhPFxmzUUoiPk+znSCuPxXTyCuln+RYWhLlM="},"lastRemoteEphemeralKey":"BbEh0YaALrm51gcBngLwpNsYylxQtCIbInMx43VZTIou","previousCounter":16,"rootKey":"8KJrCUL6R29NJ4pStWCW9a6hrz5jMic190kVFsjrEdE="},"indexInfo":{"baseKey":"BZHS/Y/6A/8Rjx5hHk2Mt7lEn9QoPipVou3tTVYOEiJv","baseKeyType":1,"closed":-1,"used":1689725810447,"created":1689689661456,"remoteIdentityKey":"BUnjT1kkb5L+Sx9g/OYQ+n4pZ96qDzKItdcwYP2zmOMw"},"_chains":{"BaUAeVCmrJtHXd9TYTwmkJVquwiGqovBBTsPzLxMuP8O":{"chainKey":{"counter":3},"chainType":2,"messageKeys":{}},"BbEh0YaALrm51gcBngLwpNsYylxQtCIbInMx43VZTIou":{"chainKey":{"counter":0,"key":"ovMGR20402iAWp0Syk44+JkakxP31gWNVt+fa+i17+c="},"chainType":2,"messageKeys":{}},"BXTc1LlCr/rEHvUuH2/Z0gKJKJsiW00wNaapTkKnFg9z":{"chainKey":{"counter":24,"key":"hVakYSj6ir2m8nr8G3ALbOO2hGRvzlAN5yzjflC/q8c="},"chainType":1,"messageKeys":{}}}}},"version":"v1"}