{"_sessions":{"BenGE5Abw1eY5lAE/mjW33aElsCU2aNKdHdk3lMHIV0g":{"registrationId":673562472,"currentRatchet":{"ephemeralKeyPair":{"pubKey":"BV6SHne6bqmoOFnzTJgVhNzl0vI3RQe1JQEJbSb9RI9+","privKey":"MEK/DKmezuudWbJJJV8m53q0bv99SIkz1vgiQOtP+mo="},"lastRemoteEphemeralKey":"BeJuz3HawplMIzE5iepfL7DzbPi+jTwznghzP82zyCAi","previousCounter":0,"rootKey":"steb1q39y/kVMrJtnXEok3AlJsTv1m7VgB4gxYQXEhQ="},"indexInfo":{"baseKey":"BenGE5Abw1eY5lAE/mjW33aElsCU2aNKdHdk3lMHIV0g","baseKeyType":2,"closed":-1,"used":1689729301911,"created":1689729301911,"remoteIdentityKey":"BQUS+v/hNUSd4L7nklfyayUOj99RQMptYC5Igq+dJWE8"},"_chains":{"BeJuz3HawplMIzE5iepfL7DzbPi+jTwznghzP82zyCAi":{"chainKey":{"counter":0,"key":"D94lwMd+09cT7fv5zSLBYrF8MSzJ++2ylQHZzZIoVjg="},"chainType":2,"messageKeys":{}},"BV6SHne6bqmoOFnzTJgVhNzl0vI3RQe1JQEJbSb9RI9+":{"chainKey":{"counter":-1,"key":"Uli87VBpji9qkLD8b6pISN7AuIoLA2Dwo7tkiLs7s9E="},"chainType":1,"messageKeys":{}}}}},"version":"v1"}