{"_sessions":{"BfQ7C5CPzhwHWJ+Dv1GR3K4862XCu3OXPWGBGmUjW7BN":{"registrationId":478506029,"currentRatchet":{"ephemeralKeyPair":{"pubKey":"BVUZN9E+gQMAZOZlkRMQPVlXm8VCscGZJ9U6oQVQEHAh","privKey":"cNCi9LPO61K3g+Ozm9kiHU62729fPE7rXa0ZWOCkL3E="},"lastRemoteEphemeralKey":"BR8vyfTcqHRPA884MKWUQ/lWw85/5AqZaPXL+y2d6KMC","previousCounter":0,"rootKey":"ivr3uBoC9EbfXRziU240W/EV8QF2TodBdMGCykMuPKs="},"indexInfo":{"baseKey":"BfQ7C5CPzhwHWJ+Dv1GR3K4862XCu3OXPWGBGmUjW7BN","baseKeyType":2,"closed":-1,"used":1689725810452,"created":1689725810452,"remoteIdentityKey":"BYRXT/SUb17FlUk5IAF0otkIW1c2XS2+F2BqF3UBdpQX"},"_chains":{"BR8vyfTcqHRPA884MKWUQ/lWw85/5AqZaPXL+y2d6KMC":{"chainKey":{"counter":1,"key":"FKoTcLTBInhQ1aBEBxwcWDKGW9PV93ljQLKQymscehs="},"chainType":2,"messageKeys":{}},"BVUZN9E+gQMAZOZlkRMQPVlXm8VCscGZJ9U6oQVQEHAh":{"chainKey":{"counter":-1,"key":"2icNHvg+lr/tJqRvvhsvbSRS31+Dupvhhc7S6xxBqF0="},"chainType":1,"messageKeys":{}}}}},"version":"v1"}