{"_sessions":{"BX0m8wZefPyONIWhzGRXxmuExgIXbDk8jff11WaVh+93":{"registrationId":1473007645,"currentRatchet":{"ephemeralKeyPair":{"pubKey":"BdQ1mpcX2W9os8hum+zGLiNk4WPRA0+2GW7UFG87MaZZ","privKey":"qDR2RnfKx8NVi1B6a7xq/LLdkOPmmXGzIGFsZn0k5W8="},"lastRemoteEphemeralKey":"Be9DjSmsJLeIFU7ESzlLcueOCD9NQkuFOB+P/aXdcSxY","previousCounter":0,"rootKey":"lN3jpGQkUG9LV/71LqLV4OamMgKd3xpm/b383sz3c0Y="},"indexInfo":{"baseKey":"BX0m8wZefPyONIWhzGRXxmuExgIXbDk8jff11WaVh+93","baseKeyType":1,"closed":-1,"used":1689689744395,"created":1689689744395,"remoteIdentityKey":"BZsftARKcXjCaEUR6j9W5BDxTB3tlE1OoT//R2ufNyJn"},"_chains":{"BdQ1mpcX2W9os8hum+zGLiNk4WPRA0+2GW7UFG87MaZZ":{"chainKey":{"counter":36,"key":"lTOe+Qz9+f6pZViDE6up+p6Ly4NM+R6hev9DoC4Q5L0="},"chainType":1,"messageKeys":{}}},"pendingPreKey":{"signedKeyId":0,"baseKey":"BX0m8wZefPyONIWhzGRXxmuExgIXbDk8jff11WaVh+93"}}},"version":"v1"}