{"_sessions":{"BdK7MR0kyhazo5X3z8hhIrfTzhSGAHg5jMQArZI17CNi":{"registrationId":1615967396,"currentRatchet":{"ephemeralKeyPair":{"pubKey":"BX5ofA0sVNwQh75pcIoyhK5H9kNuZWmAGkYBkmuw9owO","privKey":"ACQWnM5On4X/yXpu+My7uunfeSTzfcvmbVHJxjbMyEU="},"lastRemoteEphemeralKey":"BXxdPeofduVlhoRo6HzfodySdrXPxRbM2lGaezThS8cp","previousCounter":0,"rootKey":"wJojqmxcunCyhzMYBDEZbqLgjxrDgbIay2mW+mc7l7Y="},"indexInfo":{"baseKey":"BdK7MR0kyhazo5X3z8hhIrfTzhSGAHg5jMQArZI17CNi","baseKeyType":2,"closed":-1,"used":1689690378902,"created":1689690378902,"remoteIdentityKey":"BShRZQy+gHThfaHP2mJNyayaeRhHcCBEVELnAr2kyAZZ"},"_chains":{"BXxdPeofduVlhoRo6HzfodySdrXPxRbM2lGaezThS8cp":{"chainKey":{"counter":2,"key":"j+L/9sZ8dTn6Wz4fG2+rZ7r4HC4+/UaFVxaW4rS4ZrQ="},"chainType":2,"messageKeys":{}},"BX5ofA0sVNwQh75pcIoyhK5H9kNuZWmAGkYBkmuw9owO":{"chainKey":{"counter":-1,"key":"GJk8D4hcM4/QVYG7FW+p+QDfXE7R596iD0obYjVmNeU="},"chainType":1,"messageKeys":{}}}}},"version":"v1"}