{"_sessions":{"BUzFKKiynoQOU2mg5aXha0PIfdZDkNNdp3/L5pmIpsZS":{"registrationId":1127786647,"currentRatchet":{"ephemeralKeyPair":{"pubKey":"BaJ91zbdpstqzH7vuZkr1LSGa4ntuCcvp/YDGdRZckQZ","privKey":"UCgsX5vmsJ0OON/avUmjSZS/tDCwLRlHr5gn/NmlykA="},"lastRemoteEphemeralKey":"BUp/gPH6qjDzMz7u+XDOujeiPpABbwsiR5dsOvz+j9AS","previousCounter":0,"rootKey":"sPOAxjKvLcTDqcZBXg/412OjzichF+gHjSRs6rlaTZY="},"indexInfo":{"baseKey":"BUzFKKiynoQOU2mg5aXha0PIfdZDkNNdp3/L5pmIpsZS","baseKeyType":2,"closed":-1,"used":1689725809528,"created":1689725809528,"remoteIdentityKey":"BfxV6aJiZ4U9t/B8h0J2N2UWuHtclT4bvuRvaC2jzE9a"},"_chains":{"BUp/gPH6qjDzMz7u+XDOujeiPpABbwsiR5dsOvz+j9AS":{"chainKey":{"counter":1,"key":"wenrrmDcf9HAAdqRgZPajFt4H5fuY4mPxWW2hWEqS48="},"chainType":2,"messageKeys":{}},"BaJ91zbdpstqzH7vuZkr1LSGa4ntuCcvp/YDGdRZckQZ":{"chainKey":{"counter":-1,"key":"4suXS846ly84CnowvM1eONZInU03lJvPmR9EzXdgDKE="},"chainType":1,"messageKeys":{}}}}},"version":"v1"}