{"_sessions":{"BVRcAIUz9MWo9JwgAV6fIccIql+JmqGDOqBd2sQ+r0hK":{"registrationId":1063048877,"currentRatchet":{"ephemeralKeyPair":{"pubKey":"Be5OZyVHyfVfvt6EF3AJeAMAyzQEaqaiu8bEULFaafpa","privKey":"aGwGDBDUX4ub2ED2NSDuGp2YidzorStBRibgnSu3b00="},"lastRemoteEphemeralKey":"BfOFZFbUff1/RUuxGcWY1sIOFHFUkv3XpyPeo0rCM8dQ","previousCounter":0,"rootKey":"+/UGs/UdFCNDq7StBBgPDtlxUWn1E3R9ff3PcxOSVL0="},"indexInfo":{"baseKey":"BVRcAIUz9MWo9JwgAV6fIccIql+JmqGDOqBd2sQ+r0hK","baseKeyType":2,"closed":-1,"used":1689725809950,"created":1689725809950,"remoteIdentityKey":"BZ+YWsj6DxOt0AzFtuvW69EsL2Ptfc/NG6ogbMb9ddww"},"_chains":{"BfOFZFbUff1/RUuxGcWY1sIOFHFUkv3XpyPeo0rCM8dQ":{"chainKey":{"counter":0,"key":"foLO51hum9xSBvSsBQUSz9UCts5idMVOPJtJvE2tK98="},"chainType":2,"messageKeys":{}},"Be5OZyVHyfVfvt6EF3AJeAMAyzQEaqaiu8bEULFaafpa":{"chainKey":{"counter":-1,"key":"L6IZPFHQ0sPtAfhm4set8QYqdyYHZVShmB+e3cZigW8="},"chainType":1,"messageKeys":{}}}}},"version":"v1"}