{"_sessions":{"BScLuLZ81yKVUFfnNwCNr8W+NT4cSoMpVIIgGdNTnqV2":{"registrationId":248435178,"currentRatchet":{"ephemeralKeyPair":{"pubKey":"BXe99irlfPiPW5PTDe3h497R/bRyY27+BbzpOIq10+Ut","privKey":"AJ248X2XXhTeG+/jR24pD672yLI6QSePTgj+k21VZ0o="},"lastRemoteEphemeralKey":"BSfbJXnYgAtD0AzTGKa+a8jsxuJ96QZdC8VlQ5+nkoJx","previousCounter":0,"rootKey":"JJFyKXYv0725gF9vibz1wuuHQJ8cmh3cjpwzX5TvU5A="},"indexInfo":{"baseKey":"BScLuLZ81yKVUFfnNwCNr8W+NT4cSoMpVIIgGdNTnqV2","baseKeyType":2,"closed":-1,"used":1689725809422,"created":1689725809422,"remoteIdentityKey":"BV1+wnOoOOjXtQldyc9v8AJteOGLMrCBji+mdNebx2p8"},"_chains":{"BSfbJXnYgAtD0AzTGKa+a8jsxuJ96QZdC8VlQ5+nkoJx":{"chainKey":{"counter":0,"key":"LaIuHPIrtvBNmFz6guJZpqI9dGW5Ax/e23Isup6511A="},"chainType":2,"messageKeys":{}},"BXe99irlfPiPW5PTDe3h497R/bRyY27+BbzpOIq10+Ut":{"chainKey":{"counter":-1,"key":"sse+shq+OBtExDfJgXBfFdp2hd2UORd0dC0GYG5dcpk="},"chainType":1,"messageKeys":{}}}}},"version":"v1"}