{"_sessions":{"BXRsO6oxQsB5enJ5bVGNidyDtQfa1c121y+yuWgYAuYb":{"registrationId":1372359234,"currentRatchet":{"ephemeralKeyPair":{"pubKey":"BXpI53nqjk/8i0DWAcf2L+f8MT60TA8RlneqbUwbf8cj","privKey":"yIZ+XGf45DSyYQGVP0ta5hzAm2yVnii22sPIUzrcjWs="},"lastRemoteEphemeralKey":"BXB3tCn043pSdZ/ljRHLKxRSXByFctrjys0pXVCmY0FC","previousCounter":0,"rootKey":"MG2B3fuiGygb0GIT0TT7gAUEGpTTz5UmcC3ze7zdmh8="},"indexInfo":{"baseKey":"BXRsO6oxQsB5enJ5bVGNidyDtQfa1c121y+yuWgYAuYb","baseKeyType":2,"closed":-1,"used":1689725809817,"created":1689725809817,"remoteIdentityKey":"Bfwn/hn2pukthDycZmldCx9wvMCtAvI3edRWnHHt6u1Y"},"_chains":{"BXB3tCn043pSdZ/ljRHLKxRSXByFctrjys0pXVCmY0FC":{"chainKey":{"counter":0,"key":"8vgXYpkj9mQIfOprsRM3ne7HohTgx7JJbdZsfKAtKrU="},"chainType":2,"messageKeys":{}},"BXpI53nqjk/8i0DWAcf2L+f8MT60TA8RlneqbUwbf8cj":{"chainKey":{"counter":-1,"key":"b6SRQIiby/8ohFdK+JOTx5EVkMKGJ2h+0iAbsmBM9Wk="},"chainType":1,"messageKeys":{}}}}},"version":"v1"}