{"_sessions":{"BUYWscf0f6VCAx30DQ3K5wsQD6CmNjb75K6zVXkC44hk":{"registrationId":585079055,"currentRatchet":{"ephemeralKeyPair":{"pubKey":"BWBjUWSl5k3oF33trD1gRr+ivAJFmhuexeOgLO9wIgwa","privKey":"mPQe9gkUoS0gdSx7PNjq+8/HI9n8mlh6ED073UT7XFk="},"lastRemoteEphemeralKey":"BfhrWmarvzR1o0p+VOIn3f06o2F3ZErA3JydM008sNFE","previousCounter":0,"rootKey":"OqYaKr8ss7DtMSBinfoAxH4axLVXBC+oOWyvaeDknDc="},"indexInfo":{"baseKey":"BUYWscf0f6VCAx30DQ3K5wsQD6CmNjb75K6zVXkC44hk","baseKeyType":2,"closed":-1,"used":1689728241819,"created":1689728241819,"remoteIdentityKey":"BTG4/ghyD9Vto7sTPKzk+4vQgxA4AdBx41QzxYTTKUB3"},"_chains":{"BfhrWmarvzR1o0p+VOIn3f06o2F3ZErA3JydM008sNFE":{"chainKey":{"counter":1,"key":"eedktYGEjzneErlbyjdBZzYZ49gO2Vjt658I3QNYgNg="},"chainType":2,"messageKeys":{"0":"VeS+mVTjchYHuLxgcfJmAICrs1bNRXGo92t/EgYhnrQ="}},"BWBjUWSl5k3oF33trD1gRr+ivAJFmhuexeOgLO9wIgwa":{"chainKey":{"counter":-1,"key":"4r5rEEHfwlExCReEipBKLZp2GYZfrf6yBGKk1fQvI0Q="},"chainType":1,"messageKeys":{}}}}},"version":"v1"}