{"_sessions":{"BWztXRC0Q++zHCQTX480oH0uLZv/8pvJZ0pH0QJJRscd":{"registrationId":1704816537,"currentRatchet":{"ephemeralKeyPair":{"pubKey":"BS0uQnCYQVARWzAP+pRqp3DH3FuodMZ2ylG7YvGoV2p5","privKey":"uFaxeixOH1+ErP7BFewOFF9mebmyzcTZ8ZKyTLrK1nk="},"lastRemoteEphemeralKey":"BVrbJ0sgmARS/GPj3Jvhq4VmvzM+xmcNuKVJP1JuE00f","previousCounter":0,"rootKey":"1cCiAK5eBpRBHeAEf6Ci/veD3yrAtzHpzyZ4YDjs/iY="},"indexInfo":{"baseKey":"BWztXRC0Q++zHCQTX480oH0uLZv/8pvJZ0pH0QJJRscd","baseKeyType":2,"closed":-1,"used":1689731186389,"created":1689731186389,"remoteIdentityKey":"Ba5/aVud2pXOfJN28N/4NL8V/SYJcEjCCmZRAQDnJWdW"},"_chains":{"BVrbJ0sgmARS/GPj3Jvhq4VmvzM+xmcNuKVJP1JuE00f":{"chainKey":{"counter":0,"key":"r9yK0MucQfVQ/cM4KjlbX8Oqj8HmsFCcsxwKqEVzcnc="},"chainType":2,"messageKeys":{}},"BS0uQnCYQVARWzAP+pRqp3DH3FuodMZ2ylG7YvGoV2p5":{"chainKey":{"counter":-1,"key":"XaNSLuPIrt8EZJ3L5ewFOTNYj5hlQFo7TnGFxCVDt6E="},"chainType":1,"messageKeys":{}}}}},"version":"v1"}