{"_sessions":{"BdHfFmeWPNNpObVVm3fAH07j6gs+Wl4xFIbRrRNv2hUU":{"registrationId":1121169393,"currentRatchet":{"ephemeralKeyPair":{"pubKey":"BXr2zRHskry0h5TnawyvVUCeAo3fn20BHVgtvaz+o8EX","privKey":"SHSTiIv0oLSEn/SNJW1L8UpAoUBchKMts9JCe5m6J3Q="},"lastRemoteEphemeralKey":"BcHy2ATbNwOLxAXls57uimR1VLxRs9lOoavGv5kBRDl5","previousCounter":0,"rootKey":"Kk1jBQs/5X5rubBopIrS5+UYoqKLC3vQov9qv2gUJAI="},"indexInfo":{"baseKey":"BdHfFmeWPNNpObVVm3fAH07j6gs+Wl4xFIbRrRNv2hUU","baseKeyType":2,"closed":-1,"used":1689734925882,"created":1689689743577,"remoteIdentityKey":"BePffKh3uI8vMUNGM26WNM4KqEdlzA3gQErBq8EoG6AX"},"_chains":{"BVsbQeqmx/1s11WlZ9R8/dMB5LHAi22hP5i4bZicB/gZ":{"chainKey":{"counter":0},"chainType":2,"messageKeys":{}},"BW7NypOfPMiGexI6na1/BgJgDIvBYAVfoOKYmXe3VeB0":{"chainKey":{"counter":0},"chainType":2,"messageKeys":{}},"BTMbki9XnViJkICJBjBhoW2KjKRn9wAyNc+dd2/QUDZF":{"chainKey":{"counter":1},"chainType":2,"messageKeys":{}},"BV3VCTKeJD6szjA0EDdBRFFUaIsLNgfgp461FWcUK6tt":{"chainKey":{"counter":1},"chainType":2,"messageKeys":{}},"BRC1cz0thmgq9NO+sq6oo0Cegbd7EA6/1IKBBnXx7Zw1":{"chainKey":{"counter":0},"chainType":2,"messageKeys":{}},"BWyWX+qzobxiHlNNmO3+zCIs8NEyqytRafKMuOg1/XlA":{"chainKey":{"counter":1},"chainType":2,"messageKeys":{}},"BUHvqZrUPhteu3bkwlivPPxCql2wLiWQYbdV1JWBhKA9":{"chainKey":{"counter":0},"chainType":2,"messageKeys":{}},"BSMLVj3U165rfSKHW4AO/45/8cJw/bbNYZMH6MSD+K9q":{"chainKey":{"counter":0},"chainType":2,"messageKeys":{}},"BUGk93gOk40bwEo6CDhkH7w1I5AUOs1J+PPwJLfXZx9F":{"chainKey":{"counter":0},"chainType":2,"messageKeys":{}},"BY8NYBAKgNuhFgvWvs8V1qWZmTXdU3jvTluKb44EXU1a":{"chainKey":{"counter":0},"chainType":2,"messageKeys":{}},"Bbk0Tayv65hytctZJiNJCzlY5fAY2MOAUXC4PwscFR4q":{"chainKey":{"counter":0},"chainType":2,"messageKeys":{}},"BYsRRafaPGTZdgtEwvtUC6PX2M/F9bcEhKOSY/SrsjIu":{"chainKey":{"counter":0},"chainType":2,"messageKeys":{}},"BQItIn5RVlGSzfs98OsHpObjQ8sL0SbkZN5U0rul9/xI":{"chainKey":{"counter":0},"chainType":2,"messageKeys":{}},"BcItTdXpfj6YkIkHpqZp2LfSkcnrbt3tydsI2UEp2qkQ":{"chainKey":{"counter":2},"chainType":2,"messageKeys":{}},"Besa1GBgH6NBVzth9T81wTb7LQ5ekPz7eGBBFab41PQR":{"chainKey":{"counter":0},"chainType":2,"messageKeys":{}},"BSvMIqsdubMDaxgIO02NBGO+qOWDAh5A13fSO6g+kddj":{"chainKey":{"counter":0},"chainType":2,"messageKeys":{}},"BcLvm0Otf0gE8H6AuK8Jz4OaYfbR1LS6hHeSezhbR3pN":{"chainKey":{"counter":0},"chainType":2,"messageKeys":{}},"BRU/b4rXjVPz9EUUUj4rotxGM3bjffyzizQYcON/+tMv":{"chainKey":{"counter":0},"chainType":2,"messageKeys":{}},"BUNeUBrIBCVjbR0R3KxRzahTB4caKnvEm7mqTqhXFAAr":{"chainKey":{"counter":0},"chainType":2,"messageKeys":{}},"BT13ZRw7Zw52cqzsYjHXgU32wRChJF4xV2Z1ILbIHpZg":{"chainKey":{"counter":1},"chainType":2,"messageKeys":{}},"BcyuHlGyn+pkQGcsNdGYUGn657S6HPGmGQFYyOYhaztE":{"chainKey":{"counter":1},"chainType":2,"messageKeys":{}},"BahRL2ZVaMbgvyc9zjNI0gLEGg71HgiDprsDI8l8pyUJ":{"chainKey":{"counter":2},"chainType":2,"messageKeys":{"1":"lH9toUtnZqmsVnyCZJBPj245MqefABRexgjnUOkwC7U="}},"BVjcFoKOP73ZztgRCgd55+NqIGgIijtbYO/LVZwBS7w/":{"chainKey":{"counter":1},"chainType":2,"messageKeys":{}},"BbtsRqVXI19Bvys7cRix2zClfQLgcs5ED0XQu02d7ON2":{"chainKey":{"counter":1},"chainType":2,"messageKeys":{"0":"Jc4t9r3Dy2LU83v09YYnMqDBKFitzmDR5tizT4Kf7Z8="}},"BR21l732t8TQT4k6MSSYCN4FOgdtPkWTZDA14dBdECN9":{"chainKey":{"counter":0},"chainType":2,"messageKeys":{}},"BXtB1MvmAB/sASqxTOQqalcvO8Vh9HZy+K7FZOEXzmsH":{"chainKey":{"counter":0},"chainType":2,"messageKeys":{}},"BZwX6fswSRo2FhqAubL4N1h8w+NkaPH5NweQySXN3yU9":{"chainKey":{"counter":0},"chainType":2,"messageKeys":{}},"BRx6BlhoCcUWE7EXkthkOdXXbuvtjXH0OU2sZ1T0Z15r":{"chainKey":{"counter":0},"chainType":2,"messageKeys":{}},"BWFNP+bQwV+NBlD00nfeWJ/qCCg19QB4ZyHyyRhIdXp5":{"chainKey":{"counter":0},"chainType":2,"messageKeys":{}},"Bc4xz50kdthvO16VG6XwFBM/N9p65L+F1HesJoltWmpP":{"chainKey":{"counter":0},"chainType":2,"messageKeys":{}},"BX4EY8Cka+JgBPYAgRA39Oq/He5cUg8bJAr3cxBsH1VV":{"chainKey":{"counter":1},"chainType":2,"messageKeys":{}},"BShFGdbtZVxKtem9JjMGRfLiGfuMqyo6Bsss7W0Fd8wN":{"chainKey":{"counter":0},"chainType":2,"messageKeys":{}},"BWN5Am2xHo0T3g0TmPBsuK/RRp/43SNVSPhY5R5Fex1p":{"chainKey":{"counter":0},"chainType":2,"messageKeys":{}},"BeLPAquTnGDeHPbUmfCi9tWcwPR3Kp32FTEF3taV8Tco":{"chainKey":{"counter":0},"chainType":2,"messageKeys":{}},"BcHy2ATbNwOLxAXls57uimR1VLxRs9lOoavGv5kBRDl5":{"chainKey":{"counter":0,"key":"juDEUEYaEV9oa5Ba5xo+0MZYT+kxs2/oko+3A85hfRE="},"chainType":2,"messageKeys":{}},"BXr2zRHskry0h5TnawyvVUCeAo3fn20BHVgtvaz+o8EX":{"chainKey":{"counter":0,"key":"VxXC+WzhMpOqXnZkzB2kRuRpAaB+/fyvPcqRnGjajm4="},"chainType":1,"messageKeys":{}}}}},"version":"v1"}