{"_sessions":{"BcJOUce+5icGadKAfK/sfyVmtHIZS4XxAzXQ6X9qsOFh":{"registrationId":979174687,"currentRatchet":{"ephemeralKeyPair":{"pubKey":"BY5+kVifIGqCHcLpBRqRcGX8owiI3wtuzFt2eX9pKZtc","privKey":"eAPEk37JTYSx3zMDzmmC+FuFitqSNf5RZhSP6omuDVQ="},"lastRemoteEphemeralKey":"BbopxUc74mzLitlzk+UYyy/scvduHmUQI4d1A3p1wCU8","previousCounter":0,"rootKey":"59DKiQQTCH6wIXf9TMpP+w2vqmAhpxiJNS5rXZQGMug="},"indexInfo":{"baseKey":"BcJOUce+5icGadKAfK/sfyVmtHIZS4XxAzXQ6X9qsOFh","baseKeyType":2,"closed":-1,"used":1689729221893,"created":1689729221893,"remoteIdentityKey":"BdqXwa1fd11c0YCk1J1VwFTfB45EikXipxzwYcMEchlQ"},"_chains":{"BbopxUc74mzLitlzk+UYyy/scvduHmUQI4d1A3p1wCU8":{"chainKey":{"counter":0,"key":"qL56MiXudSkjiM5w2M2zi+rSCnmG9tpeBkJqb5AwNv0="},"chainType":2,"messageKeys":{}},"BY5+kVifIGqCHcLpBRqRcGX8owiI3wtuzFt2eX9pKZtc":{"chainKey":{"counter":-1,"key":"qka24xoMGMfSBqyaF7lJ48VmAsO1UwLi2JPwAemw4+Y="},"chainType":1,"messageKeys":{}}}}},"version":"v1"}