{"_sessions":{"BZWsa/pMs3cUfNuO12Wp51LvgVoJ20tcu7GRKk5fsYw0":{"registrationId":941992081,"currentRatchet":{"ephemeralKeyPair":{"pubKey":"BecRdCS97wbG0XLGsik3axjOToXQjaODFgDldKRyNggt","privKey":"GAhSOZsy8bPkk3KdXn1QG8OpmGbFDppYSPZFE5aWRnc="},"lastRemoteEphemeralKey":"Ba+uEPz8kPHfum6w5uhOoJlSbZqAraAUtotx9+/5v7Qe","previousCounter":0,"rootKey":"9DIO9owzjJkBtdzZUyTam8hWXjC+ts0u2Lebmgjo0Ns="},"indexInfo":{"baseKey":"BZWsa/pMs3cUfNuO12Wp51LvgVoJ20tcu7GRKk5fsYw0","baseKeyType":2,"closed":-1,"used":1689725809649,"created":1689725809649,"remoteIdentityKey":"BSlV6fXEoMtVndn0ab4l1uN9iVE9cYXfBWFcXVGQPn8U"},"_chains":{"Ba+uEPz8kPHfum6w5uhOoJlSbZqAraAUtotx9+/5v7Qe":{"chainKey":{"counter":0,"key":"Arj0SdCAgh2+EmgiX5WkjrWCNvBoveuvqmzz8AZ9UHw="},"chainType":2,"messageKeys":{}},"BecRdCS97wbG0XLGsik3axjOToXQjaODFgDldKRyNggt":{"chainKey":{"counter":-1,"key":"QZSsOCbKIj83OEPkUznGaJMdvuhRxMS0OjPDhEGHFWw="},"chainType":1,"messageKeys":{}}}}},"version":"v1"}