{"_sessions":{"Bdc/qGiNXoM/Q3g1zG5CZMYVve8bSTSl2Q4L0VNY3rBl":{"registrationId":544673456,"currentRatchet":{"ephemeralKeyPair":{"pubKey":"BW8X2ZmW9JsYs+Odyz+TBRihSD0QRBXGW+IqhC4RrdEo","privKey":"iHblTA1Xiutr9Cnc/uaQdHsBElsQ0jamd1FHEyaorWQ="},"lastRemoteEphemeralKey":"BbWUDEgjBTBegdDCe1VK5Tnh+kIvsU4jABkMw+pSYwhH","previousCounter":0,"rootKey":"q+/kvN05pWJXKL1JEpMxfTpPU2Ote4bt+B/ME1iHdjw="},"indexInfo":{"baseKey":"Bdc/qGiNXoM/Q3g1zG5CZMYVve8bSTSl2Q4L0VNY3rBl","baseKeyType":2,"closed":-1,"used":1689689978573,"created":1689689978573,"remoteIdentityKey":"BRjtDs44dpm7WLBVVt4p84vE3Juj5Rr1rqmw8FyQZ2Ux"},"_chains":{"BbWUDEgjBTBegdDCe1VK5Tnh+kIvsU4jABkMw+pSYwhH":{"chainKey":{"counter":2,"key":"h7YX5aST4kOZKobd/6g/gpkb7clclhQOVs6dO/5bonM="},"chainType":2,"messageKeys":{}},"BW8X2ZmW9JsYs+Odyz+TBRihSD0QRBXGW+IqhC4RrdEo":{"chainKey":{"counter":-1,"key":"FyBH0acgKDMhur5C1r2RY6vOJBA97D7q9nmC5va+dpM="},"chainType":1,"messageKeys":{}}}}},"version":"v1"}