{"_sessions":{"Bfvt6PsIwDlxpI8hxXogP/GIeepmsMdQKHILAUKWDvR6":{"registrationId":893934020,"currentRatchet":{"ephemeralKeyPair":{"pubKey":"BTYoefdgePFPgcAmI4KUGZmGuvFxq2OsSd4oF3Q9s+xQ","privKey":"OMf0Xa6Bzc0WK5+KH3D1HC6sgP6HNTeuiCieOAVJWVk="},"lastRemoteEphemeralKey":"BaATLVv4/0hTpgyPBK7LebHZbiAxhgKqKzzYydgH4FRL","previousCounter":0,"rootKey":"+6h4uTKD0zKi5DF7qrtMSa+UcVjNrG5gROLEhj+v9mg="},"indexInfo":{"baseKey":"Bfvt6PsIwDlxpI8hxXogP/GIeepmsMdQKHILAUKWDvR6","baseKeyType":2,"closed":-1,"used":1689728241656,"created":1689728241656,"remoteIdentityKey":"BYwYFRL//uQGyAUEHPe2nDPAxyC8pw5+Tw54lC1BEGgE"},"_chains":{"BaATLVv4/0hTpgyPBK7LebHZbiAxhgKqKzzYydgH4FRL":{"chainKey":{"counter":0,"key":"ou0SyghYJypU2Ug3CL+8XltufWyoBbRko737iMW3iyo="},"chainType":2,"messageKeys":{}},"BTYoefdgePFPgcAmI4KUGZmGuvFxq2OsSd4oF3Q9s+xQ":{"chainKey":{"counter":-1,"key":"pWCwqNWslNpVfwyMLGzEnWmpzhK6Gw7d0etvc2fu2ng="},"chainType":1,"messageKeys":{}}}}},"version":"v1"}