{"_sessions":{"BeXfuqhsJT2t+ECYw4dyiMJjMjDhrOXBMDlnXsINjbMe":{"registrationId":3089191916,"currentRatchet":{"ephemeralKeyPair":{"pubKey":"BcqOb8dnMQ0uT0wbFYLRmFofDpV+SLXYYdfOCfVzVpN/","privKey":"YDkALcFaQEYZRPj7nUrVVGppgHXulN4wcYoWGec9e1w="},"lastRemoteEphemeralKey":"BSfbsNfm3kPREkcXEcX3l0M3DX9wN5/9QMygYzbyfec+","previousCounter":0,"rootKey":"+IpcwY4WJZTWs2WewO6dG2X3QgVcCWsWbhVtd6VMYCw="},"indexInfo":{"baseKey":"BeXfuqhsJT2t+ECYw4dyiMJjMjDhrOXBMDlnXsINjbMe","baseKeyType":1,"closed":-1,"used":1689689661496,"created":1689689661496,"remoteIdentityKey":"BR7iPLwQet4XOv2bFaaZ9Al1/99MevfR2nYoXvyaH9w8"},"_chains":{"BcqOb8dnMQ0uT0wbFYLRmFofDpV+SLXYYdfOCfVzVpN/":{"chainKey":{"counter":5,"key":"Dnmdi5Jq8TUNFeQ7vPhEppgs9VS534gr8SE7ch6GE7w="},"chainType":1,"messageKeys":{}}},"pendingPreKey":{"signedKeyId":12149256,"baseKey":"BeXfuqhsJT2t+ECYw4dyiMJjMjDhrOXBMDlnXsINjbMe"}}},"version":"v1"}